device_type,sensor_temp,sensor_vibration,total_cost
Appliance,71.28925970388154,1.301312525010004,748.6460144057622
Automotive,94.55933333333333,1.2519259259259259,880.1181193415637
Industrial,62.516931114551085,1.8220665634674924,2062.0742647058823
Mobile,45.957760353839966,0.7032609569762767,772.426164053076
